table,column_count,columns
approval_roles,20,"id | role_code | role_name | level_number | scope | module_code | amount_limit | currency_code | can_approve | can_reject | can_delegate | escalation_role_id | owner_company_id | description | is_active | created_at | updated_at | created_by | updated_by | deleted_at"
areas_zones,17,"id | area_code | name_en | name_ar | city_id | area_type_code | is_system | is_locked | is_active | sort_order | created_at | created_by | updated_at | updated_by | deactivated_at | deactivated_by | deactivation_reason"
audit_log,8,"id | action | entity_type | entity_id | details | ip_address | user_id | created_at"
audit_logs,14,"id | actor_user_profile_id | owner_company_id | branch_id | module_code | entity_name | entity_id | entity_reference | action | old_values | new_values | ip_address | user_agent | created_at"
authority_types,12,"id | authority_code | name_en | name_ar | description | is_system | is_active | sort_order | created_at | created_by | updated_at | updated_by"
banks,25,"id | bank_code | bank_name_en | bank_name_ar | short_name | country_id | bank_type_code | swift_code | website_url | contact_phone | contact_email | description_en | description_ar | notes | is_system | is_locked | is_active | sort_order | created_at | created_by | updated_at | updated_by | deactivated_at | deactivated_by | deactivation_reason"
billing_breakdown_items,14,"id | period_name | start_time | end_time | duration_minutes | energy_kwh | rate_per_kwh | energy_charge | demand_kw | demand_charge | line_total | billing_calculation_id | rate_period_id | created_at"
billing_calculations,11,"id | subtotal | taxes | fees | total_amount | currency | breakdown | calculation_date | session_id | rate_structure_id | created_at"
branches,44,"id | owner_company_id | branch_code | branch_name_en | branch_name_ar | emirate | area | address_line_1 | address_line_2 | po_box | phone | email | status | created_at | updated_at | created_by | updated_by | branch_type | is_main_branch | operating_status | city | makani_number | latitude | longitude | contact_person_name | contact_phone | contact_email | has_workshop | has_warehouse | has_yard | has_weighbridge | notes | internal_reference_number | opening_date | closing_date | cost_center_id | profit_center_id | default_work_calendar_id | branch_manager_user_id | legal_branch_name | trade_license_branch_ref | emirate_id | city_id | area_zone_id"
charging_sessions,30,"id | transaction_id | charge_id | card_number | start_date | start_time | start_ts | end_date | end_time | end_ts | duration_minutes | duration_text | energy_consumed_kwh | calculated_cost | max_demand_kw | start_soc_percent | end_soc_percent | co2_reduction_kg | connector_number | connector_type | station_code | user_identifier | has_billing_calculation | notes | station_id | operator_id | shift_id | import_batch_id | created_at | updated_at"
cities,17,"id | city_code | name_en | name_ar | emirate_id | is_system | is_locked | is_active | sort_order | created_at | created_by | updated_at | updated_by | deactivated_at | deactivated_by | deactivation_reason | country_id"
consultant_addresses,31,"id | consultant_id | address_type_code | country_id | emirate_id | city_id | area_zone_id | address_line_1 | address_line_2 | building_name | street_name | po_box | makani_number | latitude | longitude | is_primary | is_billing_address | is_shipping_address | notes | status_code | created_at | created_by | updated_at | updated_by | deactivated_at | deactivated_by | deactivation_reason | is_active | is_locked | is_system | sort_order"
consultant_bank_details,16,"id | consultant_id | bank_id | bank_account_type_code | account_name | account_number | iban | swift_code | currency_id | is_primary | is_active | notes | created_at | created_by | updated_at | updated_by"
consultant_contacts,31,"id | consultant_id | contact_code | contact_name_en | contact_name_ar | designation | department | contact_type_code | email | mobile | phone | whatsapp | is_primary | is_authorized_signatory | is_decision_maker | is_finance_contact | is_operations_contact | preferred_communication_code | notes | status_code | created_at | created_by | updated_at | updated_by | deactivated_at | deactivated_by | deactivation_reason | is_active | is_locked | is_system | sort_order"
consultant_documents,27,"id | consultant_id | document_type_code | document_name | document_number | issue_date | expiry_date | has_expiry | expiry_reminder_days | file_path | is_required | is_verified | verified_by | verified_at | notes | status_code | created_at | created_by | updated_at | updated_by | deactivated_at | deactivated_by | deactivation_reason | is_active | is_locked | is_system | sort_order"
consultant_specializations,12,"id | specialization_code | name_en | name_ar | description | is_system | is_active | sort_order | created_at | created_by | updated_at | updated_by"
consultant_types,12,"id | type_code | name_en | name_ar | description | is_system | is_active | sort_order | created_at | created_by | updated_at | updated_by"
consultants,48,"id | consultant_code | consultant_name_en | consultant_name_ar | consultant_type_code | consultant_category_code | trn | trade_license_number | license_expiry_date | website_url | primary_email | primary_phone | primary_mobile | country_id | emirate_id | city_id | area_zone_id | address_line_1 | address_line_2 | po_box | makani_number | currency_id | payment_term_id | tax_type_id | icv_certificate_number | icv_score_percentage | icv_issue_date | icv_expiry_date | icv_company_type | icv_financial_year_end_date | icv_certification_body | icv_version | icv_status_code | icv_document_path | cicpa_registration_number | notes | status_code | created_at | created_by | updated_at | updated_by | deactivated_at | deactivated_by | deactivation_reason | is_active | is_locked | is_system | sort_order"
cost_centers,22,"id | cost_center_code | cost_center_name_en | cost_center_name_ar | cost_center_type_code | parent_cost_center_id | owner_company_id | branch_id | description_en | description_ar | notes | is_system | is_locked | is_active | sort_order | created_at | created_by | updated_at | updated_by | deactivated_at | deactivated_by | deactivation_reason"
countries,22,"id | country_code | iso3_code | name_en | name_ar | nationality_en | nationality_ar | phone_code | default_currency_code | is_gcc | is_uae | is_system | is_locked | is_active | sort_order | created_at | created_by | updated_at | updated_by | deactivated_at | deactivated_by | deactivation_reason"
currencies,21,"id | currency_code | currency_name_en | currency_name_ar | symbol | decimal_places | is_base_currency | description_en | description_ar | notes | is_system | is_locked | is_active | sort_order | created_at | created_by | updated_at | updated_by | deactivated_at | deactivated_by | deactivation_reason"
customer_categories,12,"id | category_code | name_en | name_ar | description | is_system | is_active | sort_order | created_at | created_by | updated_at | updated_by"
customer_statuses,12,"id | status_code | name_en | name_ar | description | is_system | is_active | sort_order | created_at | created_by | updated_at | updated_by"
departments,18,"id | department_code | department_name_en | department_name_ar | owner_company_id | branch_id | parent_department_id | cost_center_id | department_head_user_id | description | is_active | effective_from | effective_to | created_at | updated_at | created_by | updated_by | deleted_at"
designations,19,"id | designation_code | designation_name_en | designation_name_ar | owner_company_id | department_id | job_level | management_level | is_supervisor | is_authorized_signatory | has_approval_authority | is_safety_critical | description | is_active | created_at | updated_at | created_by | updated_by | deleted_at"
dms_ai_entity_match_candidates,25,"id | candidate_key | document_id | upload_session_id | ai_result_id | source_text_summary | match_signal | target_entity_type | target_entity_id | target_display_name | match_score | match_method | match_reason | ai_generated | status | review_queue_item_id | reviewed_by | reviewed_at | resolved_at | resolution_code | resolution_note | created_by | created_at | updated_at | deleted_at"
dms_ai_erp_apply_correction_proposals,30,"id | proposal_code | original_apply_run_id | original_apply_item_id | document_id | target_module | target_table | target_field | target_record_id | value_type | original_before_summary | original_applied_summary | current_value_summary | proposed_correction_summary | correction_value_json | correction_mode | status | conflict_status | conflict_reason | correction_apply_run_id | requested_by | confirmed_by | applied_by | created_at | confirmed_at | applied_at | cancelled_at | failed_at | updated_at | failure_reason"
dms_ai_erp_apply_items,23,"id | apply_run_id | source_type | source_id | source_field_code | target_table | target_field | target_record_id | target_display_label | current_value_summary | proposed_value_summary | applied_value_summary | value_type | confidence | status | skip_reason | failure_reason | requires_confirmation | confirmed | applied_at | applied_by | created_at | updated_at"
dms_ai_erp_apply_runs,20,"id | run_code | source_type | source_id | document_id | review_queue_item_id | status | target_module | target_table | target_record_id | requested_by | confirmed_by | started_at | completed_at | failed_at | cancelled_at | error_message | created_at | updated_at | deleted_at"
dms_ai_extraction_jobs,20,"id | upload_session_id | document_id | provider_config_id | job_type | provider | model | status | started_at | completed_at | duration_ms | error_message | retry_count | created_by | created_at | updated_at | file_id | run_source | input_text_hash | prompt_version"
dms_ai_extraction_results,24,"id | job_id | upload_session_id | document_id | suggested_document_type_id | classification_confidence | classification_score | extracted_fields_json | suggested_links_json | expiry_date_suggestion | raw_ocr_text | raw_response_json | reviewed_by | reviewed_at | review_action | created_at | file_id | result_type | ai_status | field_confidence_json | classification_reason | suggested_title | suggested_description | issue_date_suggestion"
dms_ai_job_attempts,16,"id | job_id | attempt_number | started_at | completed_at | status | duration_ms | error_code | safe_error_message | worker_id | usage_log_id | token_count_in | token_count_out | model_name | provider_code | cost_estimate"
dms_ai_job_queue,24,"id | job_type | job_status | priority | payload_json | idempotency_key | related_document_id | related_upload_session_id | related_ai_result_id | related_approve_run_id | attempt_count | max_attempts | locked_by | locked_at | run_after | started_at | completed_at | failed_at | last_error_code | last_error_message | safe_error_json | created_by | created_at | updated_at"
dms_ai_link_suggestions,13,"id | document_id | entity_type | entity_id | entity_name | confidence | reason | status | reviewed_by | reviewed_at | created_at | updated_at | deleted_at"
dms_ai_tag_suggestions,13,"id | document_id | tag_id | suggested_tag_name | confidence | reason | status | suggested_by_user_id | reviewed_by | reviewed_at | created_at | updated_at | deleted_at"
dms_ai_validation_findings,31,"id | finding_key | document_id | upload_session_id | ai_result_id | metadata_definition_id | field_code | finding_type | severity | status | source_module | rule_code | rule_label | rule_version | ai_generated | confidence | current_value_summary | ai_value_summary | expected_value_summary | reason_message | evidence_json | reviewed_by | reviewed_at | resolved_at | resolution_code | resolution_note | review_queue_item_id | created_by | created_at | updated_at | deleted_at"
dms_approve_runs,17,"id | upload_session_id | document_id | ai_result_id | run_key | status | stage | final_storage_bucket | final_storage_path | error_code | error_message | metadata_json | started_by | started_at | completed_at | created_at | updated_at"
dms_document_access_rules,10,"id | document_id | document_type_id | principal_type | principal_id | permission | granted | created_by | created_at | deleted_at"
dms_document_approvals,15,"id | document_id | workflow_id | step_id | action | actioned_by | actioned_at | comments | created_at | submitted_by | submitted_at | reason | is_current | updated_at | updated_by"
dms_document_categories,14,"id | category_code | name_en | name_ar | description | icon | sort_order | is_system | is_active | created_by | created_at | updated_by | updated_at | deleted_at"
dms_document_comments,8,"id | document_id | comment_text | created_by | created_at | updated_by | updated_at | deleted_at"
dms_document_content,10,"id | document_id | content_text | content_text_updated_at | content_text_source | content_text_sha256 | content_text_char_count | is_truncated | created_at | updated_at"
dms_document_content_chunks,26,"id | document_id | content_id | chunk_index | chunk_text | chunk_hash | content_hash | source_kind | language | page_start | page_end | token_estimate | char_count | embedding_status | embedding_provider | embedding_model | embedding | embedded_at | embedding_error_code | embedding_error_message | is_active | created_at | updated_at | created_by | updated_by | deleted_at"
dms_document_events,7,"id | document_id | event_type | description | performed_by | performed_at | metadata_json"
dms_document_files,28,"id | document_id | version_id | file_role | storage_bucket | storage_path | file_name | mime_type | file_size_bytes | sha256_hash | page_count | ocr_text | language | created_by | created_at | deleted_at | integrity_status | integrity_checked_at | integrity_error_message | ocr_status | ocr_provider | ocr_model | ocr_started_at | ocr_completed_at | ocr_error_message | ocr_confidence | ocr_page_count | ocr_language"
dms_document_links,11,"id | document_id | entity_type | entity_id | link_role | is_primary | linked_by | linked_at | notes | created_at | deleted_at"
dms_document_metadata_values,14,"id | document_id | definition_id | value_text | value_number | value_date | value_datetime | value_boolean | value_json | created_by | created_at | updated_by | updated_at | deleted_at"
dms_document_tags,4,"document_id | tag_id | created_by | created_at"
dms_document_types,23,"id | type_code | name_en | name_ar | description | category_id | requires_expiry_tracking | default_confidentiality | requires_approval | default_retention_days | ai_extraction_schema | allowed_entity_types | is_system | is_active | sort_order | created_by | created_at | updated_by | updated_at | deleted_at | ai_suggestions_generated_at | ai_suggestions_approved_at | is_renewable"
dms_document_versions,8,"id | document_id | version_number | version_label | change_notes | is_current | created_by | created_at"
dms_document_workflow_steps,10,"id | workflow_id | step_code | step_name | is_initial | is_final | requires_role | sort_order | is_active | created_at"
dms_document_workflows,12,"id | workflow_code | name_en | name_ar | description | document_type_id | is_active | created_by | created_at | updated_by | updated_at | deleted_at"
dms_documents,59,"id | document_no | legacy_document_code | migrated_from_table | title | description | document_type_id | category_id | status | confidentiality_level | owner_user_id | owning_company_id | owning_branch_id | issue_date | expiry_date | reminder_policy_id | current_version_id | ocr_status | ai_status | review_status | is_archived | archived_at | created_by | created_at | updated_by | updated_at | deleted_at | ocr_last_run_at | ocr_text_available | party_id | content_tsv | ai_summary | ai_summary_updated_at | ai_summary_model | ai_summary_status | ai_summary_error | ai_summary_input_char_count | ai_summary_input_truncated | completeness_score | missing_fields_json | ai_warnings_json | ai_risk_score | ai_risk_level | ai_risk_reasons_json | ai_risk_updated_at | summary_embedding | summary_embedding_model | summary_embedding_status | summary_embedding_updated_at | summary_embedding_error | summary_embedding_source | superseded_by_document_id | expiry_tracking_override | expiry_override_reason | expiry_override_by | expiry_override_at | approval_status | submitted_by | submitted_at"
dms_expiry_reminders,18,"id | document_id | reminder_days_before | reminder_date | status | sent_at | recipients_json | created_at | updated_at | notification_status | last_notification_at | retry_count | dismissed_by | dismissed_at | dismissal_reason | escalation_level | assigned_to | department_code"
dms_intake_review_values,14,"id | upload_session_id | field_scope | field_code | field_label | field_type | suggested_value_json | reviewed_value_json | confidence_score | confidence_label | source_snippet | review_status | created_at | updated_at"
dms_metadata_definitions,45,"id | document_type_id | field_code | field_label_en | field_label_ar | field_type | is_required | is_ai_extractable | ai_field_hint | options_json | validation_json | sort_order | is_active | created_by | created_at | updated_by | updated_at | deleted_at | field_group | field_section | show_in_review | show_in_detail | show_in_list | show_in_upload_review | is_searchable | is_filterable | is_unique | placeholder_en | placeholder_ar | help_text_en | help_text_ar | ai_possible_labels_en | ai_possible_labels_ar | ai_keywords | ai_negative_keywords | ai_expected_format | ai_example_values | ai_confidence_threshold | normalization_rule | review_required_if_missing | review_required_if_low_confidence | metadata_version | ai_rules_json | created_from_ai_suggestion | ai_suggestion_trigger_document_id"
dms_notification_queue,28,"id | document_id | reminder_id | renewal_request_id | notification_type | channel | status | recipient_user_id | recipient_email | subject | message | scheduled_for | sent_at | read_at | dismissed_at | delivery_attempts | last_error | metadata_json | created_at | updated_at | global_notification_id | global_email_queue_id | bridge_status | bridge_attempt_count | bridged_at | last_bridge_error | email_delivery_status | email_sent_at"
dms_notification_settings,15,"id | is_enabled | email_enabled | in_app_enabled | reminder_days_before | include_document_owner | include_document_creator | recipient_roles | recipient_user_ids | config_name | notes | created_by | updated_by | created_at | updated_at"
dms_party_document_migration_map,7,"id | party_document_id | dms_document_id | party_id | legacy_document_code | migrated_at | migration_notes"
dms_renewal_requests,21,"id | document_id | renewal_no | status | priority | requested_by | assigned_to | requested_at | target_renewal_date | old_expiry_date | new_expiry_date | replacement_document_id | replacement_version_id | notes | completed_at | cancelled_at | created_by | created_at | updated_by | updated_at | deleted_at"
dms_required_document_rules,23,"id | rule_code | rule_name | entity_type | entity_subtype | document_type_id | is_required | requires_expiry_date | requires_issue_date | blocks_activation | reminder_days_before_expiry | owner_company_id | branch_id | department_id | effective_from | effective_to | notes | is_active | created_at | updated_at | created_by | updated_by | deleted_at"
dms_retention_policies,14,"id | policy_code | name_en | name_ar | description | retain_for_days | action_on_expiry | applies_to_types | is_active | created_by | created_at | updated_by | updated_at | deleted_at"
dms_review_queue,36,"id | upload_session_id | document_id | assigned_to | priority | status | queued_at | review_started_at | review_completed_at | notes | created_by | created_at | updated_at | deleted_at | idempotency_key | review_type | source_type | source_id | ai_result_id | ai_job_id | metadata_definition_id | field_code | reason_code | reason_message | confidence | payload_json | assigned_at | reviewed_by | reviewed_at | resolved_at | resolution_code | resolution_note | due_at | updated_by | validation_finding_id | entity_match_candidate_id"
dms_saved_searches,8,"id | user_id | search_name | filter_json | is_shared | created_at | updated_at | deleted_at"
dms_tags,11,"id | tag_code | tag_name | color_hex | is_system | is_active | created_by | created_at | updated_by | updated_at | deleted_at"
dms_upload_batches,13,"id | batch_code | status | total_files | processed_files | approved_files | failed_files | entity_type | entity_id | created_by | created_at | updated_at | deleted_at"
dms_upload_sessions,41,"id | session_code | status | original_filename | mime_type | file_size_bytes | sha256_hash | temp_storage_path | is_duplicate | duplicate_document_id | uploaded_by | uploaded_at | expires_at | completed_at | error_message | created_at | updated_at | deleted_at | temp_cleaned_at | cleanup_error_message | document_id | ai_job_id | ai_result_id | intake_status | review_status | review_started_at | review_completed_at | reviewed_by | discarded_at | discard_reason | batch_id | orchestration_status | orchestration_steps_json | orchestration_started_at | orchestration_completed_at | approve_run_id | approve_status | approve_error | approved_at | orchestration_source | orchestration_triggered_by_approve_run_id"
dms_workflow_document_types,3,"workflow_id | document_type_id | created_at"
emirates,19,"id | emirate_code | name_en | name_ar | abbreviation_en | abbreviation_ar | is_system | is_locked | is_active | sort_order | created_at | created_by | updated_at | updated_by | deactivated_at | deactivated_by | deactivation_reason | country_id | region_type_code"
employee_access_cards,19,"id | employee_id | access_type_id | client_authority | work_site_id | card_number | application_reference | issue_date | expiry_date | status | renewal_status | dms_document_id | notes | created_at | updated_at | created_by | updated_by | deleted_at | deleted_by"
employee_accommodation_records,15,"id | employee_id | accommodation_type | accommodation_location | room_or_bed_no | assigned_from | assigned_to | status | notes | created_at | updated_at | created_by | updated_by | deleted_at | deleted_by"
employee_approval_requests,23,"id | employee_id | approval_type | request_title | request_status | approval_role_id | requested_by | requested_at | approved_by | approved_at | rejected_by | rejected_at | cancelled_by | cancelled_at | decision_reason | related_record_type | related_record_id | created_at | updated_at | created_by | updated_by | deleted_at | deleted_by"
employee_assets,19,"id | employee_id | asset_type | asset_reference | asset_description | issued_date | return_due_date | returned_date | status | condition_on_issue | condition_on_return | dms_document_id | notes | created_at | updated_at | created_by | updated_by | deleted_at | deleted_by"
employee_assignments,20,"id | employee_id | owner_company_id | branch_id | department_id | designation_id | work_site_id | assignment_type | assignment_status | effective_from | effective_to | reporting_manager_id | supervisor_id | notes | created_at | updated_at | created_by | updated_by | deleted_at | deleted_by"
employee_attendance_corrections,8,"id | summary_id | employee_id | correction_reason | old_values_json | new_values_json | corrected_by | created_at"
employee_attendance_daily_summary,20,"id | employee_id | attendance_date | attendance_type | work_site_id | first_in_at | last_out_at | total_hours | overtime_hours | late_minutes | early_out_minutes | is_missing_punch | approval_status | approved_by | approved_at | notes | created_at | updated_at | created_by | updated_by"
employee_attendance_punches,11,"id | employee_id | punch_datetime | punch_type | work_site_id | punch_source | device_reference | external_reference | notes | created_at | created_by"
employee_clearance_items,16,"id | eos_case_id | employee_id | clearance_area | item_title | item_status | responsible_user_id | cleared_by | cleared_at | notes | created_at | updated_at | created_by | updated_by | deleted_at | deleted_by"
employee_dependents,28,"id | employee_id | dependent_name_en | dependent_name_ar | relationship_type_id | date_of_birth | nationality_id | passport_number | emirates_id_number | residence_visa_number | residence_visa_expiry | is_covered_on_medical | medical_insurance_card | is_active | dms_document_id | notes | created_at | updated_at | created_by | updated_by | deleted_at | deleted_by | passport_expiry | emirates_id_expiry | medical_insurance_provider | medical_insurance_policy | medical_insurance_expiry | sponsored_by"
employee_disciplinary_records,22,"id | employee_id | disciplinary_type | incident_date | record_date | severity | subject | description | action_taken | status | issued_by | acknowledged_by_employee | acknowledged_at | dms_document_id | creates_operational_block | operational_block_id | created_at | updated_at | created_by | updated_by | deleted_at | deleted_by"
employee_document_links,11,"id | employee_id | dms_document_id | related_record_type | related_record_id | relation_purpose | verification_status | created_at | created_by | deleted_at | deleted_by"
employee_eos_cases,17,"id | employee_id | eos_type | case_status | notice_date | last_working_date | reason | final_settlement_status | clearance_completed | dms_document_id | notes | created_at | updated_at | created_by | updated_by | deleted_at | deleted_by"
employee_hr_actions,20,"id | employee_id | action_type | action_title | action_status | action_date | due_date | assigned_to | related_record_type | related_record_id | dms_document_id | requires_approval | approval_request_id | notes | created_at | updated_at | created_by | updated_by | deleted_at | deleted_by"
employee_hr_notes,11,"id | employee_id | note_type | note_text | visibility | related_record_type | related_record_id | created_at | created_by | deleted_at | deleted_by"
employee_identity_documents,33,"id | employee_id | document_type_id | document_number | issue_date | expiry_date | issuing_authority | issue_country_id | issuing_emirate_id | status | verification_status | verified_by | verified_at | dms_document_id | renewal_status | emirates_id_application_no | visa_file_number | uid_number | labour_card_number | work_permit_number | mohre_person_code | profession_on_document | sponsor_company_id | place_of_issue | notes | created_at | updated_at | created_by | updated_by | deleted_at | deleted_by | issue_city_id | issuing_authority_party_id"
employee_leave_balances,12,"id | employee_id | leave_type_id | leave_year | entitled_days | used_days | balance_days | carry_forward | updated_at | created_at | created_by | updated_by"
employee_leave_requests,24,"id | employee_id | leave_type_id | request_date | start_date | end_date | total_days | reason | approval_status | approved_by | approved_at | rejected_by | rejected_at | cancelled_by | cancelled_at | sick_cert_dms_id | return_date | notes | created_at | updated_at | created_by | updated_by | deleted_at | deleted_by"
employee_medical_insurances,25,"id | employee_id | insurance_provider | tpa | policy_number | insurance_card_number | network_class | effective_date | expiry_date | employee_covered | dependent_coverage_included | status | verification_status | dms_document_id | owner_company_id | notes | created_at | updated_at | created_by | updated_by | deleted_at | deleted_by | issue_date | dependent_count_covered | renewal_status"
employee_medical_records,22,"id | employee_id | medical_record_type_id | medical_center | report_number | examination_date | result | fit_for_work | work_restrictions | restriction_details | required_for_visa | required_for_site | required_for_noc | next_examination_date | dms_document_id | notes | created_at | updated_at | created_by | updated_by | deleted_at | deleted_by"
employee_operational_blocks,19,"id | employee_id | block_type | block_reason | block_status | effective_from | effective_to | released_by | released_at | release_reason | related_record_type | related_record_id | notes | created_at | updated_at | created_by | updated_by | deleted_at | deleted_by"
employee_overtime_records,15,"id | employee_id | overtime_date | hours | reason | approval_status | approved_by | approved_at | notes | created_at | updated_at | created_by | updated_by | deleted_at | deleted_by"
employee_payroll_holds,14,"id | employee_id | hold_reason | hold_date | release_date | released_by | notes | is_active | created_at | updated_at | created_by | updated_by | deleted_at | deleted_by"
employee_payroll_profiles,13,"id | employee_id | payroll_group_id | effective_date | currency | payroll_status | notes | created_at | updated_at | created_by | updated_by | deleted_at | deleted_by"
employee_performance_records,20,"id | employee_id | review_type | review_period_start | review_period_end | review_date | reviewer_id | rating | summary | strengths | improvement_areas | next_review_date | status | dms_document_id | created_at | updated_at | created_by | updated_by | deleted_at | deleted_by"
employee_ppe_issues,18,"id | employee_id | ppe_item | standard_or_size | quantity | issued_date | expiry_or_replacement_date | returned_date | status | issued_by | dms_document_id | notes | created_at | updated_at | created_by | updated_by | deleted_at | deleted_by"
employee_pro_processes,21,"id | employee_id | process_type_id | process_title | process_status | priority | request_date | target_date | submitted_date | completed_date | assigned_to | related_document_id | related_record_type | related_record_id | notes | created_at | updated_at | created_by | updated_by | deleted_at | deleted_by"
employee_recruitment_links,10,"id | employee_id | candidate_id | requisition_id | offer_id | converted_at | converted_by | conversion_notes | created_at | created_by"
employee_role_requirements,22,"id | employee_id | designation_id | requirement_type | requirement_source | required_reference_id | requirement_name | is_required | is_met | met_record_type | met_record_id | expiry_date | status | waived_by | waived_at | waiver_reason | created_at | updated_at | created_by | updated_by | deleted_at | deleted_by"
employee_salary_components,14,"id | employee_id | component_type_id | amount | effective_from | effective_to | is_active | notes | created_at | updated_at | created_by | updated_by | deleted_at | deleted_by"
employee_salary_revisions,9,"id | employee_id | effective_date | revision_reason | old_gross | new_gross | approved_by | created_at | created_by"
employee_shift_assignments,16,"id | employee_id | work_calendar_id | work_shift_id | weekly_off_day | overtime_eligible | attendance_required | effective_from | effective_to | notes | created_at | updated_at | created_by | updated_by | deleted_at | deleted_by"
employee_site_readiness,18,"id | employee_id | work_site_id | readiness_status | required_access_card_type_id | access_card_record_id | medical_record_id | training_record_ids | missing_requirements_json | checked_at | checked_by | notes | created_at | updated_at | created_by | updated_by | deleted_at | deleted_by"
employee_status_events,8,"id | employee_id | old_status | new_status | reason | effective_date | created_at | created_by"
employee_training_certificates,21,"id | employee_id | training_category_id | training_type_id | provider | approval_body | certificate_number | completion_date | expiry_date | required_for_designation | required_for_site | status | verification_status | dms_document_id | notes | created_at | updated_at | created_by | updated_by | deleted_at | deleted_by"
employee_wps_profiles,20,"id | employee_id | wps_applicable | wps_status | bank_id | account_holder_name | account_number | iban | exchange_house | salary_payment_method | labour_card_number | mohre_person_code | mohre_establishment_id | salary_effective_date | created_at | updated_at | created_by | updated_by | deleted_at | deleted_by"
employees,46,"id | employee_code | full_name_en | full_name_ar | known_name | gender | nationality_id | date_of_birth | marital_status | mobile_number | personal_email | uae_address | home_country_address | blood_group | photo_dms_document_id | owner_company_id | branch_id | department_id | designation_id | employee_category_id | employment_type_id | joining_date | actual_joining_date | employee_status | reporting_manager_id | supervisor_id | primary_work_site_id | sponsor_company_id | mohre_establishment_id | probation_start_date | probation_end_date | contract_type | contract_start_date | contract_end_date | notice_period_days | inactive_date | inactive_reason | emergency_contact_name | emergency_contact_mobile | emergency_contact_relationship_type_id | created_at | updated_at | created_by | updated_by | deleted_at | deleted_by"
erp_ai_assistant_action_drafts,12,"id | session_id | action_code | safety_class | target_entity_type | target_entity_id | draft_payload_json | status | created_at | reviewed_at | reviewed_by | deleted_at"
erp_ai_assistant_messages,7,"id | session_id | role | message_text | output_type | safe_metadata_json | created_at"
erp_ai_assistant_sessions,11,"id | session_code | title | owner_user_profile_id | context_entity_type | context_entity_id | status | message_count | created_at | updated_at | deleted_at"
erp_ai_audit_explanations,15,"id | source_type | source_id | entity_type | entity_id | scope | scope_start | scope_end | explanation_text | summary_json | model_name | prompt_version | created_by | created_at | deleted_at"
erp_ai_compliance_finding_events,6,"id | finding_id | event_type | event_data_json | actor_user_id | created_at"
erp_ai_compliance_findings,33,"id | finding_type | severity | detection_method | finding_key | entity_type | entity_id | document_id | source_rule_id | source_duplicate_candidate_id | source_field_suggestion_id | field_code | expected_value | actual_value | confidence_score | evidence_json | ai_reason | recommended_action | status | review_decision | review_notes | reviewed_by | reviewed_at | resolved_by | resolved_at | waived_by | waived_at | waiver_reason | created_at | created_by | updated_at | updated_by | deleted_at"
erp_ai_data_quality_finding_events,7,"id | finding_id | event_type | event_note | safe_metadata_json | created_by | created_at"
erp_ai_data_quality_findings,23,"id | finding_key | entity_type | entity_id | source_table | source_field | rule_code | rule_category | severity | status | title | description | recommendation | safe_evidence_json | detected_at | last_seen_at | resolved_at | resolved_by | reviewed_at | reviewed_by | created_at | updated_at | deleted_at"
erp_ai_duplicate_candidate_events,6,"id | candidate_id | event_type | event_data_json | actor_user_id | created_at"
erp_ai_duplicate_candidates,27,"id | candidate_type | detection_method | candidate_key | entity_type_a | entity_id_a | entity_type_b | entity_id_b | conflict_field | value_a | value_b | confidence_score | evidence_json | ai_reason | source_document_id | status | review_decision | review_notes | reviewed_by | reviewed_at | resolved_by | resolved_at | created_at | created_by | updated_at | updated_by | deleted_at"
erp_ai_feature_flags,10,"id | feature_code | feature_name | description | is_enabled | requires_human_review | min_confidence_threshold | notes | created_at | updated_at"
erp_ai_field_suggestion_events,6,"id | suggestion_id | event_type | event_data_json | actor_user_id | created_at"
erp_ai_field_suggestions,32,"id | entity_type | entity_id | target_table | target_field | field_label | field_type | current_value | suggested_value | suggested_value_json | suggestion_type | confidence_score | source_document_id | source_file_id | source_document_type | source_excerpt | ai_reason | status | accepted_by | accepted_at | rejected_by | rejected_at | applied_by | applied_at | apply_error | generation_batch_id | prompt_version | created_at | created_by | updated_at | updated_by | deleted_at"
erp_ai_model_cost_rates,17,"id | provider_type | model_id | display_name | rate_type | input_cost_per_1m_tokens | output_cost_per_1m_tokens | unit_cost | currency_code | effective_from | effective_to | is_active | requires_confirmation | source_note | created_by | created_at | updated_at"
erp_ai_provider_configs,25,"id | config_code | provider_type | provider_name | api_endpoint | model_id | api_version | purpose | is_default | is_enabled | is_active | requires_human_review | confidence_threshold | config_json | secret_ref | masked_secret_preview | last_test_status | last_test_at | last_test_message | notes | created_by | created_at | updated_by | updated_at | deleted_at"
erp_ai_recent_searches,8,"id | user_id | search_text | entity_types | search_mode | result_count | created_at | deleted_at"
erp_ai_risk_score_events,11,"id | risk_score_id | event_type | event_payload_json | prior_risk_score | prior_risk_level | new_risk_score | new_risk_level | actor_id | notes | created_at"
erp_ai_risk_scores,24,"id | entity_type | entity_id | risk_score | risk_level | risk_confidence | calculation_method | risk_reasons_json | risk_breakdown_json | source_counts_json | status | review_decision | review_notes | reviewed_by | reviewed_at | calculated_at | calculated_by | stale_at | stale_reason | created_at | created_by | updated_at | updated_by | deleted_at"
erp_ai_usage_logs,17,"id | provider_config_id | feature_area | operation_type | model_id | status | input_token_count | output_token_count | estimated_cost | duration_ms | error_message | metadata_json | created_by | created_at | document_id | ai_job_id | upload_session_id"
erp_app_branding_settings,20,"id | settings_code | app_name | app_short_name | tagline | support_email | support_phone | footer_text | theme_primary_color | theme_secondary_color | theme_accent_color | login_title | login_subtitle | is_active | created_at | updated_at | created_by | updated_by | deleted_at | deleted_by"
erp_branding_assets,22,"id | asset_scope | app_settings_id | branding_profile_id | owner_company_id | asset_type | storage_bucket | storage_path | original_filename | mime_type | file_size_bytes | width_px | height_px | version_no | is_active | replaced_by_asset_id | created_at | updated_at | created_by | updated_by | deleted_at | deleted_by"
erp_dms_temp_cleanup_runs,15,"id | run_at | mode | triggered_by | scanned | eligible | deleted | failed | skipped | bytes_freed | orphans_found | skip_reasons | errors | status | duration_ms"
erp_dms_temp_cleanup_settings,11,"id | enabled | retention_hours_completed | retention_hours_cancelled | retention_hours_failed | retention_hours_expired | batch_size | legal_hold_prefixes | manual_retain_session_ids | updated_at | updated_by"
erp_email_feature_flags,8,"id | feature_code | feature_name | is_enabled | requires_approval | notes | created_at | updated_at"
erp_email_provider_configs,31,"id | provider_code | provider_type | provider_name | is_default | is_enabled | is_active | tenant_id | client_id | authority_url | graph_base_url | sender_email | sender_display_name | reply_to_email | secret_ref | masked_secret_preview | auth_mode | send_mode | default_recipient_for_tests | throttle_per_minute | daily_send_limit | last_test_status | last_test_at | last_test_message | config_json | notes | created_by | created_at | updated_by | updated_at | deleted_at"
erp_email_queue,32,"id | queue_code | notification_id | provider_config_id | source_module | source_entity_type | source_entity_id | priority | status | from_email | to_emails | cc_emails | bcc_emails | reply_to_email | subject | html_body | text_body | template_code | template_variables_json | scheduled_for | processing_started_at | sent_at | cancelled_at | attempt_count | max_attempts | next_retry_at | last_error | external_message_id | created_by | created_at | updated_at | deleted_at"
erp_email_send_logs,18,"id | provider_config_id | feature_area | operation_type | status | from_email | to_emails | cc_emails | bcc_emails | subject | message_preview | external_message_id | duration_ms | attempt_count | last_error | metadata_json | created_by | created_at"
erp_generated_pdf_documents,54,"id | template_key | template_id | template_version | source_record_type | source_record_id | owner_company_id | storage_path | file_name | mime_type | file_size_bytes | page_count | checksum | checksum_verified_at | renderer | renderer_version | output_profile | locale | direction | generated_by | generated_at | validation_status | validation_report | approval_status | approved_by | approved_at | superseded_by_id | archived_at | archived_by | failure_reason | document_class | output_code | lifecycle_state | request_key | content_fingerprint | serial_no | serial_status | serial_void_reason | checksum_algorithm | chromium_version | data_snapshot_json | policy_snapshot_json | branding_snapshot_json | rendering_started_at | uploaded_at | issued_at | failed_at | cancelled_at | reconciled_at | revoked_at | revoked_by | revoke_reason | expires_at | supersedes_issuance_id"
erp_notification_delivery_logs,14,"id | notification_id | email_queue_id | provider_config_id | delivery_channel | status | message | external_message_id | duration_ms | attempt_number | error_message | metadata_json | created_by | created_at"
erp_notification_templates,18,"id | template_code | template_name | source_module | notification_type | subject_template | html_template | text_template | default_severity | default_channel_in_app | default_channel_email | is_system | is_active | created_by | created_at | updated_by | updated_at | deleted_at"
erp_notifications,26,"id | notification_code | source_module | source_entity_type | source_entity_id | notification_type | severity | title | message | recipient_user_id | recipient_role_code | recipient_email | channel_in_app | channel_email | status | scheduled_for | read_at | dismissed_at | archived_at | action_url | action_label | metadata_json | created_by | created_at | updated_at | deleted_at"
erp_output_class_policies,13,"document_class | class_name | description | qr_policy | qr_validity_days | approval_required | allow_quick_print | public_disclosure_level | requires_serial | official | notes | created_at | updated_at"
erp_output_public_links,39,"id | public_token | public_url_path | output_type | source_module | source_entity_type | source_entity_id | source_record_ref | document_title | document_subtitle | document_ref | document_date | owner_company_id | branding_profile_id | template_id | report_run_id | issued_by_user_profile_id | issued_at | expires_at | cancelled_at | cancelled_by_user_profile_id | cancel_reason | superseded_by_link_id | status | access_level | verification_summary_json | public_payload_json | download_file_path | download_file_mime_type | download_file_name | download_enabled | view_count | last_viewed_at | created_at | created_by | updated_at | updated_by | deleted_at | generated_pdf_document_id"
erp_report_branding_profiles,42,"id | profile_code | profile_name | profile_type | owner_company_id | logo_url | small_logo_url | stamp_url | signature_url | watermark_url | watermark_text | theme_primary_color | theme_secondary_color | theme_header_bg_color | theme_header_text_color | legal_name_en | legal_name_ar | trade_name_en | trade_name_ar | address_block_en | address_block_ar | phone | email | website | po_box | trn | trade_license_no | footer_text_en | footer_text_ar | signatory_name | signatory_title_en | signatory_title_ar | is_default_for_company | is_group_profile | is_neutral_profile | is_active | created_at | updated_at | created_by | updated_by | deleted_at | deleted_by"
erp_report_column_profiles,11,"id | report_id | user_profile_id | profile_name | column_config_json | is_default | is_shared | created_at | updated_at | deleted_at | deleted_by"
erp_report_delivery_logs,19,"id | run_id | delivery_type | recipient_to | recipient_cc | recipient_bcc | subject | body_preview | attachment_format | attachment_filename | attachment_size_bytes | provider | delivery_status | provider_response_code | success | sent_at | error_message | created_at | created_by"
erp_report_registry,38,"id | report_code | report_name_en | report_name_ar | module_code | report_category | description_en | description_ar | default_template_id | default_output_formats | default_orientation | branding_strategy | branding_source_path | required_permissions | sensitive_profile | sensitive_field_rules_json | filter_schema_json | column_schema_json | supports_numbering | numbering_rule_code | supports_scheduling | is_letter_type | sort_order | is_system | is_active | created_at | updated_at | created_by | updated_by | deleted_at | deleted_by | document_class | qr_policy_override | qr_validity_days_override | approval_required_override | allow_quick_print_override | public_disclosure_override | variable_allowlist"
erp_report_runs,26,"id | run_reference | report_id | report_code | run_by | run_status | output_format | filters_json | selected_template_id | resolved_branding_profile_id | owner_company_ids | was_multi_company | template_selected_manually | row_count | sensitive_profile | sensitive_data_included | redaction_summary_json | email_sent | email_to | email_delivery_status | numbering_issued | started_at | completed_at | duration_ms | error_message | created_at"
erp_report_saved_filters,11,"id | report_id | user_profile_id | filter_name | filters_json | is_default | is_shared | created_at | updated_at | deleted_at | deleted_by"
erp_report_schedule_runs,19,"id | schedule_id | scheduled_for | run_key | status | attempt_count | max_attempts | leased_by | leased_until | next_attempt_at | report_run_id | delivery_log_id | attachment_filename | attachment_size_bytes | recipient_count | failure_reason | started_at | finished_at | created_at"
erp_report_schedules,26,"id | schedule_code | report_id | created_by | owner_company_id | schedule_name | filters_json | selected_template_id | output_format | recipient_to | recipient_cc | email_subject_template | email_body_template | frequency | day_of_week | day_of_month | time_of_day | timezone | next_run_at | last_run_at | last_status | is_active | created_at | updated_at | deleted_at | deleted_by"
erp_report_template_events,7,"id | template_id | event_type | actor_user_profile_id | occurred_at | payload_json | notes"
erp_report_templates,60,"id | template_code | template_name | template_type | branding_profile_id | default_orientation | page_size | font_family | language_mode | show_logo | show_small_logo | show_address | show_trn | show_license | show_signatory | show_stamp | show_watermark | requires_stamp_permission | watermark_text | body_html_en | body_html_ar | custom_css | header_layout_json | footer_layout_json | body_layout_json | style_json | version_no | is_default | is_active | created_at | updated_at | created_by | updated_by | deleted_at | deleted_by | parent_template_id | governance_status | submitted_at | submitted_by | approved_at | approved_by | approval_notes | rejected_at | rejected_by | rejection_reason | published_at | published_by | archived_at | archived_by | archive_reason | security_review_status | security_review_notes | security_review_at | security_review_by | visual_editor_engine | visual_layout_schema_version | visual_layout_updated_at | visual_layout_updated_by | body_schema_json | studio_schema_version"
fixed_charges,9,"id | charge_name | charge_type | amount | effective_from | effective_to | is_active | station_id | created_at"
global_lookup_categories,23,"id | category_code | category_name_en | category_name_ar | description | module_code | category_scope | supports_hierarchy | supports_color | supports_icon | supports_effective_dates | supports_metadata | is_system | is_locked | is_active | sort_order | created_at | created_by | updated_at | updated_by | deactivated_at | deactivated_by | deactivation_reason"
global_lookup_values,25,"id | category_id | value_code | value_label_en | value_label_ar | description | parent_value_id | color_hex | icon_name | badge_variant | sort_order | is_default | is_system | is_locked | is_active | effective_from | effective_to | metadata_json | created_at | created_by | updated_at | updated_by | deactivated_at | deactivated_by | deactivation_reason"
global_numbering_generated_references,24,"id | numbering_rule_id | sequence_state_id | generated_reference_number | generated_sequence_number | module_code | document_type_code | document_prefix | target_table_name | target_record_id | generation_status | generation_reason | reserved_at | consumed_at | cancelled_at | cancelled_reason | manual_override_used | manual_override_reason | generated_by | generated_at | created_at | created_by | updated_at | updated_by"
global_numbering_rules,33,"id | rule_code | rule_name | description | module_code | module_name | document_type_code | document_type_name | document_prefix | separator | format_template | sequence_length | padding_character | starting_sequence_number | current_sequence_number | next_sequence_number | reset_policy | reserve_on_draft | reserve_on_submit | allow_manual_override | manual_override_requires_permission | allow_gaps | cancelled_number_policy | duplicate_prevention_scope | is_active | is_locked | effective_from | effective_to | notes | created_at | created_by | updated_at | updated_by"
global_numbering_sequence_states,14,"id | numbering_rule_id | module_code | document_type_code | document_prefix | reset_period_key | last_sequence_number | next_sequence_number | last_generated_reference | last_generated_at | created_at | created_by | updated_at | updated_by"
government_authorities,31,"id | authority_code | authority_name_en | authority_name_ar | authority_type_code | authority_category_code | jurisdiction_level_code | website_url | primary_email | primary_phone | primary_mobile | country_id | emirate_id | city_id | area_zone_id | address_line_1 | address_line_2 | po_box | notes | status_code | created_at | created_by | updated_at | updated_by | deactivated_at | deactivated_by | deactivation_reason | is_active | is_locked | is_system | sort_order"
government_authority_addresses,31,"id | government_authority_id | address_type_code | country_id | emirate_id | city_id | area_zone_id | address_line_1 | address_line_2 | building_name | street_name | po_box | makani_number | latitude | longitude | is_primary | is_billing_address | is_shipping_address | notes | status_code | created_at | created_by | updated_at | updated_by | deactivated_at | deactivated_by | deactivation_reason | is_active | is_locked | is_system | sort_order"
government_authority_contacts,31,"id | government_authority_id | contact_code | contact_name_en | contact_name_ar | designation | department | contact_type_code | email | mobile | phone | whatsapp | is_primary | is_authorized_signatory | is_decision_maker | is_finance_contact | is_operations_contact | preferred_communication_code | notes | status_code | created_at | created_by | updated_at | updated_by | deactivated_at | deactivated_by | deactivation_reason | is_active | is_locked | is_system | sort_order"
government_authority_documents,27,"id | government_authority_id | document_type_code | document_name | document_number | issue_date | expiry_date | has_expiry | expiry_reminder_days | file_path | is_required | is_verified | verified_by | verified_at | notes | status_code | created_at | created_by | updated_at | updated_by | deactivated_at | deactivated_by | deactivation_reason | is_active | is_locked | is_system | sort_order"
hr_access_card_types,17,"id | code | name_en | name_ar | default_expiry_alert_days | scope_type | requires_work_site | requires_client_authority | description | is_active | sort_order | created_at | updated_at | created_by | updated_by | deleted_at | deleted_by"
hr_approval_workflows,17,"id | workflow_code | workflow_name_en | workflow_name_ar | workflow_type | approval_step | approval_role_id | is_required | sla_hours | escalation_role_id | is_active | created_at | updated_at | created_by | updated_by | deleted_at | deleted_by"
hr_candidate_documents,10,"id | candidate_id | dms_document_id | document_purpose | verification_status | notes | created_at | created_by | deleted_at | deleted_by"
hr_candidates,29,"id | candidate_code | requisition_id | full_name_en | full_name_ar | gender | nationality_id | date_of_birth | mobile_number | email | current_location | source | agency_name | referred_by_employee_id | current_employer | current_position | expected_salary | notice_period_days | candidate_status | pipeline_stage | rating | availability_date | notes | created_at | updated_at | created_by | updated_by | deleted_at | deleted_by"
hr_employee_categories,13,"id | code | name_en | name_ar | description | is_active | sort_order | created_at | updated_at | created_by | updated_by | deleted_at | deleted_by"
hr_employment_types,13,"id | code | name_en | name_ar | description | is_active | sort_order | created_at | updated_at | created_by | updated_by | deleted_at | deleted_by"
hr_grades,14,"id | code | name_en | name_ar | grade_level | description | is_active | sort_order | created_at | updated_at | created_by | updated_by | deleted_at | deleted_by"
hr_identity_document_types,19,"id | code | name_en | name_ar | requires_issue_date | requires_expiry_date | requires_document_number | default_expiry_alert_days | is_government_document | is_sensitive | description | is_active | sort_order | created_at | updated_at | created_by | updated_by | deleted_at | deleted_by"
hr_interviews,18,"id | candidate_id | requisition_id | interview_round | interview_datetime | interview_location | interviewer_id | interview_status | result | score | feedback | next_step | created_at | updated_at | created_by | updated_by | deleted_at | deleted_by"
hr_job_requisitions,27,"id | requisition_code | requisition_title | owner_company_id | branch_id | department_id | designation_id | work_site_id | requested_by | hiring_manager_id | employment_type_id | employee_category_id | vacancies_count | target_start_date | requisition_status | priority | budgeted_salary_min | budgeted_salary_max | job_description | requirements | notes | created_at | updated_at | created_by | updated_by | deleted_at | deleted_by"
hr_leave_types,19,"id | code | name_en | name_ar | is_paid | requires_document | requires_approval | default_entitlement_days | reset_basis | allow_half_day | description | is_active | sort_order | created_at | updated_at | created_by | updated_by | deleted_at | deleted_by"
hr_medical_record_types,17,"id | code | name_en | name_ar | default_validity_months | default_expiry_alert_days | is_confidential | requires_dms_document | description | is_active | sort_order | created_at | updated_at | created_by | updated_by | deleted_at | deleted_by"
hr_mohre_establishments,13,"id | owner_company_id | establishment_number | establishment_name | emirate_id | status | notes | created_at | updated_at | created_by | updated_by | deleted_at | deleted_by"
hr_offers,24,"id | candidate_id | requisition_id | offer_status | offer_date | valid_until | proposed_joining_date | owner_company_id | branch_id | department_id | designation_id | employment_type_id | basic_salary | gross_salary | currency | approval_request_id | offer_document_id | notes | created_at | updated_at | created_by | updated_by | deleted_at | deleted_by"
hr_onboarding_tasks,20,"id | candidate_id | employee_id | task_title | task_category | task_status | assigned_to | due_date | completed_by | completed_at | related_record_type | related_record_id | dms_document_id | notes | created_at | updated_at | created_by | updated_by | deleted_at | deleted_by"
hr_payroll_groups,15,"id | code | name_en | name_ar | pay_frequency | wps_applicable_default | description | is_active | sort_order | created_at | updated_at | created_by | updated_by | deleted_at | deleted_by"
hr_pro_process_types,16,"id | code | name_en | name_ar | default_due_days | default_expiry_alert_days | requires_dms_document | description | is_active | sort_order | created_at | updated_at | created_by | updated_by | deleted_at | deleted_by"
hr_readiness_rule_templates,23,"id | rule_code | rule_name_en | rule_name_ar | readiness_dimension | requirement_type | required_document_type_id | required_training_type_id | required_access_card_type_id | required_medical_record_type_id | applies_to_category_id | applies_to_designation_id | applies_to_work_site_id | is_critical | expiry_buffer_days | is_active | sort_order | created_at | updated_at | created_by | updated_by | deleted_at | deleted_by"
hr_relationship_types,13,"id | code | name_en | name_ar | description | is_active | sort_order | created_at | updated_at | created_by | updated_by | deleted_at | deleted_by"
hr_role_requirement_matrix,13,"id | employee_category_id | designation_id | readiness_rule_template_id | is_required | notes | is_active | created_at | updated_at | created_by | updated_by | deleted_at | deleted_by"
hr_salary_component_types,17,"id | code | name_en | name_ar | component_kind | is_basic | is_wps_component | is_taxable | description | is_active | sort_order | created_at | updated_at | created_by | updated_by | deleted_at | deleted_by"
hr_site_requirement_matrix,15,"id | work_site_id | access_card_type_id | training_type_id | medical_record_type_id | readiness_rule_template_id | is_required | notes | is_active | created_at | updated_at | created_by | updated_by | deleted_at | deleted_by"
hr_training_categories,13,"id | code | name_en | name_ar | description | is_active | sort_order | created_at | updated_at | created_by | updated_by | deleted_at | deleted_by"
hr_training_types,20,"id | code | name_en | name_ar | training_category_id | default_validity_months | default_expiry_alert_days | requires_certificate_number | requires_provider | is_site_required | is_designation_required | description | is_active | sort_order | created_at | updated_at | created_by | updated_by | deleted_at | deleted_by"
import_batches,11,"id | filename | status | records_total | records_success | records_failed | records_skipped | error_log | upload_date | user_id | created_at"
industry_sectors,12,"id | sector_code | name_en | name_ar | description | is_system | is_active | sort_order | created_at | created_by | updated_at | updated_by"
invoice_methods,12,"id | method_code | name_en | name_ar | description | is_system | is_active | sort_order | created_at | created_by | updated_at | updated_by"
maintenance_log,12,"id | issue_date | issue_type | description | status | resolution | resolved_date | downtime_hours | reported_by | station_id | created_at | updated_at"
notifications,8,"id | title | body | type | is_read | metadata | user_id | created_at"
operator_schedules,10,"id | schedule_date | shift_type | shift_duration | is_day_off | notes | operator_id | station_id | created_by | created_at"
operators,13,"id | name | card_number | email | phone_number | id_number | national_number | photo_url | status | notes | user_id | created_at | updated_at"
owner_companies,68,"id | legal_name_en | legal_name_ar | short_name | company_code | legal_form | country | emirate | trade_license_no | trn | corporate_tax_no | default_currency | status | primary_email | primary_phone | website | logo_url | created_at | updated_at | created_by | updated_by | city | area | address_line_1 | address_line_2 | po_box | makani_number | trade_license_issue_date | trade_license_expiry_date | licensing_authority | chamber_membership_no | chamber_membership_expiry_date | vat_registered | corporate_tax_registered | icv_certificate_no | icv_score | icv_issue_date | icv_expiry_date | adnoc_supplier_no | notes | internal_reference_number | country_id | emirate_id | city_id | area_zone_id | trade_name | main_activity | established_date | default_tax_type_id | default_bank_id | compliance_status | office_address_line_1 | office_address_line_2 | office_emirate_id | office_city_id | small_logo_url | stamp_url | signature_url | watermark_url | report_theme_primary_color | report_theme_secondary_color | report_footer_text_en | report_footer_text_ar | report_signatory_name | report_signatory_title_en | report_signatory_title_ar | default_report_template_id | default_letter_template_id"
owner_company_signatories,16,"id | company_id | user_id | full_name | designation | signature_scope | is_primary | is_active | effective_from | effective_to | notes | created_at | updated_at | created_by | updated_by | deleted_at"
parties,38,"id | party_code | display_name | legal_name_en | legal_name_ar | trade_name_en | trade_name_ar | short_name | party_nature_id | primary_party_type_id | parent_party_id | main_phone | main_mobile | whatsapp | main_email | alternate_email | website | country_id | emirate_id | city_id | area_zone_id | po_box | full_address_text | google_map_url | latitude | longitude | party_status_id | is_active | is_locked | is_system | remarks | deactivated_at | deactivated_by | deactivation_reason | created_at | created_by | updated_at | updated_by"
party_address_types,12,"id | address_type_code | name_en | name_ar | description | is_system | is_active | sort_order | created_at | created_by | updated_at | updated_by"
party_addresses,28,"id | address_code | party_id | address_type_id | address_name | country_id | emirate_id | city_id | area_zone_id | street | building | floor | office_no | po_box | landmark | google_map_url | latitude | longitude | is_primary | is_billing_address | is_shipping_address | is_site_address | is_active | notes | created_at | created_by | updated_at | updated_by"
party_approval_statuses,12,"id | approval_status_code | name_en | name_ar | description | is_system | is_active | sort_order | created_at | created_by | updated_at | updated_by"
party_bank_details,23,"id | bank_detail_code | party_id | bank_id | bank_name_text | account_holder_name | account_number | iban | swift_code | currency_id | branch_name | country_id | is_primary | is_verified | verified_by | verified_at | verification_document_id | is_active | remarks | created_at | created_by | updated_at | updated_by"
party_blacklist_statuses,12,"id | blacklist_status_code | name_en | name_ar | description | is_system | is_active | sort_order | created_at | created_by | updated_at | updated_by"
party_compliance_profiles,26,"id | party_id | kyc_status_id | vendor_approval_status_id | customer_approval_status_id | subcontractor_approval_status_id | hse_approval_status_id | finance_approval_status_id | legal_approval_status_id | blacklist_status_id | blacklist_reason | risk_rating_id | credit_rating_id | payment_hold | payment_hold_reason | work_hold | work_hold_reason | approved_by | approved_at | last_review_date | next_review_date | remarks | created_at | created_by | updated_at | updated_by"
party_compliance_statuses,12,"id | compliance_status_code | name_en | name_ar | description | is_system | is_active | sort_order | created_at | created_by | updated_at | updated_by"
party_consultant_profiles,12,"id | party_id | consultant_type_id | specialization_id | professional_license_required | approved_for_design | approved_for_supervision | consultant_remarks | created_at | created_by | updated_at | updated_by"
party_contact_departments,12,"id | contact_department_code | name_en | name_ar | description | is_system | is_active | sort_order | created_at | created_by | updated_at | updated_by"
party_contact_roles,12,"id | contact_role_code | name_en | name_ar | description | is_system | is_active | sort_order | created_at | created_by | updated_at | updated_by"
party_contacts,23,"id | contact_code | party_id | full_name | designation | department_id | contact_role_id | email | phone | mobile | whatsapp | is_primary | is_accounts_contact | is_sales_contact | is_operations_contact | is_hse_contact | is_documents_contact | is_active | notes | created_at | created_by | updated_at | updated_by"
party_credit_ratings,12,"id | credit_rating_code | name_en | name_ar | description | is_system | is_active | sort_order | created_at | created_by | updated_at | updated_by"
party_customer_profiles,18,"id | party_id | customer_category_id | customer_status_id | industry_sector_id | sales_region_id | payment_term_id | credit_limit | credit_currency_id | sales_owner_user_id | requires_lpo | requires_contract | preferred_invoice_method_id | customer_remarks | created_at | created_by | updated_at | updated_by"
party_document_statuses,12,"id | document_status_code | name_en | name_ar | description | is_system | is_active | sort_order | created_at | created_by | updated_at | updated_by"
party_document_types,12,"id | document_type_code | name_en | name_ar | description | is_system | is_active | sort_order | created_at | created_by | updated_at | updated_by"
party_documents,24,"id | document_code | party_id | document_type_id | document_title | document_number | issue_date | expiry_date | issuing_authority_party_id | file_path | file_name | file_mime_type | file_size | expiry_required | renewal_notice_days | document_status_id | uploaded_by | uploaded_at | remarks | created_at | created_by | updated_at | updated_by | dms_document_id"
party_finance_profiles,16,"id | party_id | default_currency_id | default_payment_term_id | default_payment_method_id | credit_limit | credit_currency_id | finance_hold | finance_hold_reason | finance_hold_by | finance_hold_at | finance_remarks | created_at | created_by | updated_at | updated_by"
party_government_authority_profiles,13,"id | party_id | authority_type_id | jurisdiction_country_id | jurisdiction_emirate_id | service_category_id | portal_url | portal_username_reference | government_remarks | created_at | created_by | updated_at | updated_by"
party_license_statuses,12,"id | license_status_code | name_en | name_ar | description | is_system | is_active | sort_order | created_at | created_by | updated_at | updated_by"
party_license_types,12,"id | license_type_code | name_en | name_ar | description | is_system | is_active | sort_order | created_at | created_by | updated_at | updated_by"
party_licenses,24,"id | license_code | party_id | license_type_id | license_number | license_name | issuing_authority_party_id | issuing_country_id | issuing_emirate_id | issue_date | expiry_date | renewal_required | renewal_notice_days | license_status_id | license_activity_text | license_document_id | is_primary | is_active | remarks | created_at | created_by | updated_at | updated_by | dms_license_document_id"
party_natures,12,"id | nature_code | name_en | name_ar | description | is_system | is_active | sort_order | created_at | created_by | updated_at | updated_by"
party_note_types,12,"id | note_type_code | name_en | name_ar | description | is_system | is_active | sort_order | created_at | created_by | updated_at | updated_by"
party_notes,12,"id | note_code | party_id | note_type_id | note_title | note_body | is_private | follow_up_date | created_at | created_by | updated_at | updated_by"
party_recruitment_agency_profiles,13,"id | party_id | source_country_id | recruitment_category_id | agreement_required | agreement_expiry_date | service_fee_terms | approved_for_hiring | recruitment_remarks | created_at | created_by | updated_at | updated_by"
party_relationship_types,12,"id | relationship_code | name_en | name_ar | description | is_system | is_active | sort_order | created_at | created_by | updated_at | updated_by"
party_relationships,12,"id | parent_party_id | child_party_id | relationship_type_id | effective_from | effective_to | is_active | remarks | created_at | created_by | updated_at | updated_by"
party_risk_ratings,12,"id | risk_rating_code | name_en | name_ar | description | is_system | is_active | sort_order | created_at | created_by | updated_at | updated_by"
party_service_categories_master,13,"id | category_code | category_name_en | category_name_ar | parent_category_id | description | is_system | is_active | sort_order | created_at | created_by | updated_at | updated_by"
party_service_category_assignments,10,"id | party_id | service_category_id | is_primary | is_active | remarks | created_at | created_by | updated_at | updated_by"
party_statuses,12,"id | status_code | name_en | name_ar | description | is_system | is_active | sort_order | created_at | created_by | updated_at | updated_by"
party_subcontractor_profiles,16,"id | party_id | subcontractor_category_id | work_category_id | hse_required | insurance_required | prequalification_required | max_contract_value | contract_currency_id | approved_for_site_work | approved_by_hse | subcontractor_remarks | created_at | created_by | updated_at | updated_by"
party_tax_registrations,20,"id | tax_registration_code | party_id | tax_type_id | tax_registration_number | tax_country_id | tax_status_id | effective_from | effective_to | certificate_document_id | reverse_charge_applicable | vat_exempt | is_primary | is_active | remarks | created_at | created_by | updated_at | updated_by | dms_certificate_document_id"
party_tax_statuses,12,"id | tax_status_code | name_en | name_ar | description | is_system | is_active | sort_order | created_at | created_by | updated_at | updated_by"
party_type_assignments,12,"id | party_id | party_type_id | is_primary | is_active | assigned_date | assigned_by | remarks | created_at | created_by | updated_at | updated_by"
party_types,14,"id | type_code | type_name | type_name_ar | description | icon_name | color_token | is_system | is_active | sort_order | created_at | created_by | updated_at | updated_by"
party_vendor_profiles,16,"id | party_id | vendor_category_id | vendor_rating_id | procurement_category_id | payment_term_id | default_currency_id | preferred_vendor | vendor_approval_status_id | can_create_po | requires_comparison | vendor_remarks | created_at | created_by | updated_at | updated_by"
payment_methods,12,"id | method_code | name_en | name_ar | description | is_system | is_active | sort_order | created_at | created_by | updated_at | updated_by"
payment_terms,22,"id | term_code | term_name_en | term_name_ar | due_days | advance_percentage | retention_percentage | calculation_notes | description_en | description_ar | notes | is_system | is_locked | is_active | sort_order | created_at | created_by | updated_at | updated_by | deactivated_at | deactivated_by | deactivation_reason"
permissions,13,"id | permission_code | permission_name | module_code | action_code | description | is_active | created_at | updated_at | display_name | is_system_permission | is_visible | sort_order"
ports,20,"id | port_code | name_en | name_ar | emirate_id | port_type_code | icao_code | iata_code | is_system | is_locked | is_active | sort_order | created_at | created_by | updated_at | updated_by | deactivated_at | deactivated_by | deactivation_reason | country_id"
procurement_categories,12,"id | category_code | name_en | name_ar | description | is_system | is_active | sort_order | created_at | created_by | updated_at | updated_by"
profit_centers,22,"id | profit_center_code | profit_center_name_en | profit_center_name_ar | profit_center_type_code | parent_profit_center_id | owner_company_id | branch_id | description_en | description_ar | notes | is_system | is_locked | is_active | sort_order | created_at | created_by | updated_at | updated_by | deactivated_at | deactivated_by | deactivation_reason"
rate_periods,11,"id | period_name | start_time | end_time | days_of_week | energy_rate_per_kwh | demand_charge_per_kw | season | priority | rate_structure_id | created_at"
rate_structures,9,"id | name | description | effective_from | effective_to | is_active | station_id | created_at | updated_at"
recruitment_agencies,47,"id | agency_code | agency_name_en | agency_name_ar | agency_type_code | agency_category_code | country_id | emirate_id | city_id | area_zone_id | address_line_1 | address_line_2 | po_box | primary_email | primary_phone | primary_mobile | website_url | license_number | license_expiry_date | countries_served | currency_id | payment_term_id | tax_type_id | icv_certificate_number | icv_score_percentage | icv_issue_date | icv_expiry_date | icv_company_type | icv_financial_year_end_date | icv_certification_body | icv_version | icv_status_code | icv_document_path | cicpa_registration_number | notes | status_code | created_at | created_by | updated_at | updated_by | deactivated_at | deactivated_by | deactivation_reason | is_active | is_locked | is_system | sort_order"
recruitment_agency_addresses,31,"id | recruitment_agency_id | address_type_code | country_id | emirate_id | city_id | area_zone_id | address_line_1 | address_line_2 | building_name | street_name | po_box | makani_number | latitude | longitude | is_primary | is_billing_address | is_shipping_address | notes | status_code | created_at | created_by | updated_at | updated_by | deactivated_at | deactivated_by | deactivation_reason | is_active | is_locked | is_system | sort_order"
recruitment_agency_bank_details,16,"id | recruitment_agency_id | bank_id | bank_account_type_code | account_name | account_number | iban | swift_code | currency_id | is_primary | is_active | notes | created_at | created_by | updated_at | updated_by"
recruitment_agency_contacts,31,"id | recruitment_agency_id | contact_code | contact_name_en | contact_name_ar | designation | department | contact_type_code | email | mobile | phone | whatsapp | is_primary | is_authorized_signatory | is_decision_maker | is_finance_contact | is_operations_contact | preferred_communication_code | notes | status_code | created_at | created_by | updated_at | updated_by | deactivated_at | deactivated_by | deactivation_reason | is_active | is_locked | is_system | sort_order"
recruitment_agency_documents,27,"id | recruitment_agency_id | document_type_code | document_name | document_number | issue_date | expiry_date | has_expiry | expiry_reminder_days | file_path | is_required | is_verified | verified_by | verified_at | notes | status_code | created_at | created_by | updated_at | updated_by | deactivated_at | deactivated_by | deactivation_reason | is_active | is_locked | is_system | sort_order"
recruitment_categories,12,"id | category_code | name_en | name_ar | description | is_system | is_active | sort_order | created_at | created_by | updated_at | updated_by"
role_permissions,4,"id | role_id | permission_id | created_at"
roles,13,"id | role_code | role_name | description | is_system_role | is_active | created_at | updated_at | display_name | role_category | role_level | is_assignable | notes"
sales_regions,12,"id | region_code | name_en | name_ar | description | is_system | is_active | sort_order | created_at | created_by | updated_at | updated_by"
shifts,18,"id | shift_date | shift_type | shift_duration | start_time | end_time | station_id | operator_id | import_batch_id | total_kwh | total_amount_jod | handover_status | bank_deposit_date | bank_deposit_reference | bank_deposit_slip | notes | created_at | updated_at"
stations,12,"id | name | station_code | location | address | capacity_kw | installation_date | status | notes | user_id | created_at | updated_at"
subcontractor_addresses,31,"id | subcontractor_id | address_type_code | country_id | emirate_id | city_id | area_zone_id | address_line_1 | address_line_2 | building_name | street_name | po_box | makani_number | latitude | longitude | is_primary | is_billing_address | is_shipping_address | notes | status_code | created_at | created_by | updated_at | updated_by | deactivated_at | deactivated_by | deactivation_reason | is_active | is_locked | is_system | sort_order"
subcontractor_bank_details,16,"id | subcontractor_id | bank_id | bank_account_type_code | account_name | account_number | iban | swift_code | currency_id | is_primary | is_active | notes | created_at | created_by | updated_at | updated_by"
subcontractor_categories,12,"id | category_code | name_en | name_ar | description | is_system | is_active | sort_order | created_at | created_by | updated_at | updated_by"
subcontractor_contacts,31,"id | subcontractor_id | contact_code | contact_name_en | contact_name_ar | designation | department | contact_type_code | email | mobile | phone | whatsapp | is_primary | is_authorized_signatory | is_decision_maker | is_finance_contact | is_operations_contact | preferred_communication_code | notes | status_code | created_at | created_by | updated_at | updated_by | deactivated_at | deactivated_by | deactivation_reason | is_active | is_locked | is_system | sort_order"
subcontractor_documents,27,"id | subcontractor_id | document_type_code | document_name | document_number | issue_date | expiry_date | has_expiry | expiry_reminder_days | file_path | is_required | is_verified | verified_by | verified_at | notes | status_code | created_at | created_by | updated_at | updated_by | deactivated_at | deactivated_by | deactivation_reason | is_active | is_locked | is_system | sort_order"
subcontractors,51,"id | subcontractor_code | subcontractor_name_en | subcontractor_name_ar | subcontractor_type_code | subcontractor_category_code | trn | trade_license_number | license_expiry_date | website_url | primary_email | primary_phone | primary_mobile | country_id | emirate_id | city_id | area_zone_id | address_line_1 | address_line_2 | po_box | makani_number | currency_id | payment_term_id | tax_type_id | hse_prequalification_status_code | worker_supply_allowed | equipment_supply_allowed | icv_certificate_number | icv_score_percentage | icv_issue_date | icv_expiry_date | icv_company_type | icv_financial_year_end_date | icv_certification_body | icv_version | icv_status_code | icv_document_path | cicpa_registration_number | notes | status_code | created_at | created_by | updated_at | updated_by | deactivated_at | deactivated_by | deactivation_reason | is_active | is_locked | is_system | sort_order"
system_settings,6,"id | category | key | value | updated_by | updated_at"
tax_configurations,9,"id | tax_name | tax_rate | applies_to | effective_from | effective_to | is_active | station_id | created_at"
tax_types,27,"id | tax_code | tax_name_en | tax_name_ar | tax_rate | tax_treatment_code | is_vat | is_reverse_charge | applies_to_sales | applies_to_purchases | applies_to_scrap | effective_from | effective_to | description_en | description_ar | notes | is_system | is_locked | is_active | sort_order | created_at | created_by | updated_at | updated_by | deactivated_at | deactivated_by | deactivation_reason"
units_of_measure,24,"id | uom_category_id | unit_code | unit_name_en | unit_name_ar | symbol | conversion_factor_to_base | is_base_unit | decimal_places | allow_fraction | description_en | description_ar | notes | is_system | is_locked | is_active | sort_order | created_at | created_by | updated_at | updated_by | deactivated_at | deactivated_by | deactivation_reason"
uom_categories,18,"id | category_code | category_name_en | category_name_ar | description_en | description_ar | notes | is_system | is_locked | is_active | sort_order | created_at | created_by | updated_at | updated_by | deactivated_at | deactivated_by | deactivation_reason"
uom_conversions,18,"id | from_uom_id | to_uom_id | conversion_factor | conversion_formula_code | is_bidirectional | notes | is_system | is_locked | is_active | sort_order | created_at | created_by | updated_at | updated_by | deactivated_at | deactivated_by | deactivation_reason"
user_profiles,30,"id | auth_user_id | user_code | full_name | display_name | phone | job_title | department | owner_company_id | branch_id | status | avatar_url | created_at | updated_at | employee_reference | manager_user_profile_id | preferred_language | timezone | last_admin_updated_at | notes | must_change_password | must_change_password_reason | password_changed_at | password_reset_sent_at | password_set_by_admin_at | email_confirmed_by_admin_at | email_confirmed_by_admin_id | last_password_security_action_at | last_password_security_action | last_password_security_action_by"
user_roles,8,"id | user_profile_id | role_id | owner_company_id | branch_id | is_active | assigned_at | assigned_by"
v_owner_companies_geography_migration_unmatched,19,"id | company_code | legal_name_en | legal_name_ar | legacy_country_text | legacy_emirate_text | legacy_city_text | legacy_area_text | country_id | emirate_id | city_id | area_zone_id | unmatched_country | unmatched_emirate | unmatched_city | unmatched_area | created_at | updated_at | status"
vendor_addresses,31,"id | vendor_id | address_type_code | country_id | emirate_id | city_id | area_zone_id | address_line_1 | address_line_2 | building_name | street_name | po_box | makani_number | latitude | longitude | is_primary | is_billing_address | is_shipping_address | notes | status_code | created_at | created_by | updated_at | updated_by | deactivated_at | deactivated_by | deactivation_reason | is_active | is_locked | is_system | sort_order"
vendor_bank_details,16,"id | vendor_id | bank_id | bank_account_type_code | account_name | account_number | iban | swift_code | currency_id | is_primary | is_active | notes | created_at | created_by | updated_at | updated_by"
vendor_categories,12,"id | category_code | name_en | name_ar | description | is_system | is_active | sort_order | created_at | created_by | updated_at | updated_by"
vendor_contacts,31,"id | vendor_id | contact_code | contact_name_en | contact_name_ar | designation | department | contact_type_code | email | mobile | phone | whatsapp | is_primary | is_authorized_signatory | is_decision_maker | is_finance_contact | is_operations_contact | preferred_communication_code | notes | status_code | created_at | created_by | updated_at | updated_by | deactivated_at | deactivated_by | deactivation_reason | is_active | is_locked | is_system | sort_order"
vendor_documents,27,"id | vendor_id | document_type_code | document_name | document_number | issue_date | expiry_date | has_expiry | expiry_reminder_days | file_path | is_required | is_verified | verified_by | verified_at | notes | status_code | created_at | created_by | updated_at | updated_by | deactivated_at | deactivated_by | deactivation_reason | is_active | is_locked | is_system | sort_order"
vendor_ratings,12,"id | rating_code | name_en | name_ar | description | is_system | is_active | sort_order | created_at | created_by | updated_at | updated_by"
vendors,50,"id | vendor_code | vendor_name_en | vendor_name_ar | vendor_type_code | vendor_category_code | supplier_category_code | trn | trade_license_number | license_expiry_date | website_url | primary_email | primary_phone | primary_mobile | country_id | emirate_id | city_id | area_zone_id | address_line_1 | address_line_2 | po_box | makani_number | currency_id | payment_term_id | tax_type_id | default_bank_id | icv_certificate_number | icv_score_percentage | icv_issue_date | icv_expiry_date | icv_company_type | icv_financial_year_end_date | icv_certification_body | icv_version | icv_status_code | icv_document_path | cicpa_registration_number | notes | status_code | created_at | created_by | updated_at | updated_by | deactivated_at | deactivated_by | deactivation_reason | is_active | is_locked | is_system | sort_order"
work_calendars,18,"id | calendar_code | calendar_name | calendar_type | owner_company_id | working_days | weekend_days | has_ramadan_timing | has_summer_timing | effective_from | effective_to | is_active | notes | created_at | updated_at | created_by | updated_by | deleted_at"
work_categories,12,"id | category_code | name_en | name_ar | description | is_system | is_active | sort_order | created_at | created_by | updated_at | updated_by"
work_shifts,20,"id | shift_code | shift_name | calendar_id | shift_start_time | shift_end_time | break_start_time | break_end_time | total_hours | is_overnight | ramadan_start_time | ramadan_end_time | summer_start_time | summer_end_time | is_active | created_at | updated_at | created_by | updated_by | deleted_at"
work_sites,34,"id | site_code | site_name | site_type | owner_company_id | branch_id | party_id | country_id | emirate_id | city_id | area_zone_id | address_line_1 | address_line_2 | po_box | makani_number | latitude | longitude | site_contact_name | site_contact_phone | site_contact_email | is_restricted_area | cicpa_required | adnoc_required | work_calendar_id | access_notes | status | opening_date | closing_date | description | created_at | updated_at | created_by | updated_by | deleted_at"