Capability,LI evidence (backend/frontend),LI maturity,AGT equivalent,AGT status,Gap,Classification,UAE applicability,Priority
Payroll batch engine (freeze/approve/complete/recalculate/rollback),"backend/payroll: payrollBatchService.js, PayrollBatch/PayrollRecord/PayrollTransaction models; frontend payroll-sheet, payroll-transactions","High (engine + tests)","None (payroll.ts = profiles/components/holds only)","Missing engine","No payroll runs possible","completely missing from AGT","Yes — redesign to AED/WPS","P0"
Payslip snapshots & payslip view,"PayrollPayslipSnapshot.js; frontend payslips/","High","None","Missing","Employees cannot receive payslips","completely missing from AGT","Yes — via AGT official-documents framework","P0"
Pay register / paysheet Excel export,"backend/pay-register + payroll/utils/paysheetBundleExport.js; frontend pay-register","High","Report Center has HR reports but no pay register","Missing","No period payroll output","completely missing from AGT","Yes — rebuild on AGT report engine","P1"
Loans & salary advances with EMI,"backend/loans; payroll loanAdvanceService.js; frontend loans","High","None","Missing","No loan/advance lifecycle","completely missing from AGT","Yes","P1"
Arrears engine,"backend/arrears (service + payroll integration); frontend arrears","High","None","Missing","","completely missing from AGT","Yes","P2"
Bonus batches,"backend/bonus (policy/batch/calc)","Medium-High","None","Missing","","completely missing from AGT","Yes","P2"
Manual deductions,"backend/manual-deductions; frontend manual-deductions","Medium","Salary components (static) only","Partial","No case-based deduction workflow","AGT has a partial foundation only","Yes","P2"
Statutory deductions (ESI/PF etc.),"backend/payroll statutoryDeductionService.js","High for India","N/A","Missing","India-specific","India-specific and not applicable to UAE","No — UAE uses different model (no income tax; GPSSA for nationals)","N/A — do not port"
Second salary flow,"backend/payroll secondSalary* (10 files)","Medium-High","None","Missing","Dual-contract workers","useful concept but must be redesigned","Yes (dual employment permits)","P3"
Biometric device integration (ADMS collector, devices, commands, raw logs, replay),"biometric/ full ADMS server (routes/adms.js, Device/DeviceCommand/AdmsRawLog models, syncScheduler)","High","None (0 punches live; manual punch entry only)","Missing","No automated attendance capture","completely missing from AGT","Yes — site-based workforce","P0"
Attendance sync/import/replay services,"backend/attendance attendanceSyncService.js, rosterAttendanceSyncService.js, postVerifyBiometricBackfillService.js","High","createEmployeeAttendancePunch (manual) + daily summary","Partial","No import pipeline","AGT has a partial foundation only","Yes","P0"
Multi-shift & confused-shift detection,"backend/attendance multiShift*, smartINDetectionService.js; frontend confused-shifts","High","Single shift assignments only","Missing","Site/rotation patterns unsupported","completely missing from AGT","Yes","P1"
Shift roster planner + auto-fill,"backend/shifts + attendance roster services; frontend shift-roster","High","Shift Calendar (assignments list)","Partial","No roster planning UI/engine","AGT UI exists but engine/workflow is missing","Yes","P1"
Leave accrual engine + monthly/annual crons,"backend/leaves accrualEngine.js, monthlyAccrualCron.js, annualCLResetCron.js, monthlyClScheduledCreditService.js","High","recalculateEmployeeLeaveBalance (on-demand)","Partial","No scheduled accrual","AGT has a partial foundation only","Yes — adapt to UAE leave law","P1"
Earned Leave policy + range accumulation,"backend/leaves earnedLeave* (4 services), ELHistory model","High","None","Missing","","completely missing from AGT","Partially — UAE annual leave differs","P2 (redesign)"
Leave register with monthly/yearly snapshots + reconciliation,"backend/leaves LeaveRegister* models + 6 register services; frontend leave-register","High","employee_leave_balances (flat per year)","Partial","No ledger/snapshot/reconciliation","AGT has a partial foundation only","Yes","P1"
Leave conflicts & splits,"backend/leaves leaveConflictService.js, leaveSplitService.js","Medium-High","None (overlap validation unverified)","Missing","","completely missing from AGT","Yes","P2"
On Duty (OD) workflow,"backend/leaves odController + autoODService + odTrailService; frontend ot-permissions","Medium-High","None","Missing","Field/site staff day-work tracking","completely missing from AGT","Yes","P2"
Compensatory leave (CCL),"backend/leaves cclController + CCLRequest model; frontend ccl","Medium","None","Missing","","completely missing from AGT","Yes","P3"
Short permissions,"frontend ot-permissions; leaves settings","Medium","Overtime records only","Partial","","AGT has a partial foundation only","Yes","P3"
Overtime engine (calc + payroll pay integration),"backend/overtime + payroll otPayService.js","High","Overtime CRUD + approvals (no pay link)","Partial","OT does not reach payroll (no payroll exists)","AGT has a partial foundation only","Yes","P1"
Allowances & deductions master with resolver,"backend/allowances-deductions + payroll allowanceDeductionResolverService.js","High","Salary component types (static master)","Partial","No rule-based resolution engine","AGT has a partial foundation only","Yes","P1"
Employee update requests with history,"backend/employee-updates; frontend employee-updates","Medium-High","Employee record edit (direct)","Partial","No self-service change-request workflow","AGT has a partial foundation only","Yes","P2"
Dynamic employee application forms,"backend/employee-applications","Medium","Recruitment onboarding (fixed)","Partial","","AGT has a partial foundation only","Yes","P3"
Promotions/transfers/increments/demotions,"backend/promotions-transfers","Medium-High","Salary revisions (partial)","Partial","No case workflow for movements","AGT has a partial foundation only","Yes","P1"
Resignation & last-working-date workflow,"backend/resignations; frontend resignations","Medium-High","EOS & clearance (cases + form)","Comparable","AGT EOS framework exists","AGT has an equivalent and it is comparable","Yes — verify UAE EOS calc","—"
Holiday groups & half-day holidays,"backend/holidays; frontend holidays","Medium","work_calendars (common master)","Comparable","Half-day/holiday-group concepts differ","AGT has an equivalent and it is comparable","Yes","—"
Assets & security gate,"backend/assets (Asset + AssetAssignment)","Medium","Asset/PPE issue reports only","Partial","No custody lifecycle UI","AGT backend exists but UI is missing","Yes","P2"
Groups/divisions/departments/designations,"backend/departments (division/designation controllers); frontend divisions, employee-groups","Medium","Departments/designations masters","Comparable","Divisions/groups extra levels","AGT has an equivalent and it is comparable","Yes — map to org levels","—"
Notifications + BullMQ workers + crons,"backend/notifications + Redis/BullMQ + cron jobs","Medium-High","Notifications engine + email queue + Edge Function scheduler","Stronger","AGT's queue/notification architecture is cleaner","AGT has an equivalent and it is stronger","—","—"
RBAC workspaces/permissions,"backend/workspaces, permissions","Medium","17 roles / 282 perms / RLS / scoped RPCs","Stronger","AGT RBAC+RLS is far stronger","AGT has an equivalent and it is stronger","—","—"
Official letters/PDFs,"frontend browser-generated PDFs","Low-Medium","Official-documents framework + Gotenberg + verification tokens","Stronger","Server-side verified outputs","AGT has an equivalent and it is stronger","—","—"
DMS with OCR/AI/review/apply,"none","—","55 action files, full pipeline","Stronger","LI has nothing comparable","AGT superior — preserve","—","—"
Mongo/Mongoose data layer + JWT auth,"backend stack","—","Supabase/Postgres/RLS","—","Do not port Mongo/Express/JWT patterns","dangerous or poor design that should not be carried forward","—","—"
